,title,song_id,release,artist_name
0,Sincerité Et Jalousie,SOBOUPA12A6D4F81F1,Simple Et Funky,Alliance Ethnik
1,The Maestro,SOMMONH12A6D4F41CD,Check Your Head,Beastie Boys
2,Nothin' On You [feat. Bruno Mars] (Album Version),SOULTKQ12AB018A183,Nothin' On You [feat. Bruno Mars],B.o.B
3,Rock Star,SOWRREB12A6D4FA7CB,In Search Of...,N.E.R.D.
4,You've Got The Love,SOPAYPV12AB017DB0C,Lungs,Florence + The Machine
5,Nah!,SOBABRB12A6701DF4B,Up!,Shania Twain
6,Toxic,SOUSZSW12AB01800C2,The Singles Collection,Britney Spears
7,Eenie Meenie,SOGSAYQ12AB018BA14,Eenie Meenie,Sean Kingston and Justin Bieber
8,Forgive Me,SOMNTMT12A8C1400F6,R&B Love Songs 2010,Leona Lewis
9,Voices On A String (Album Version),SOZEBAZ12AF72A80C8,Kill The House Lights,Thursday
10,Follow Me (Explicit LP Version),SOTLHUV12A6D4FC541,Double Wide,Uncle Kracker
11,Here Without You,SOOJJCT12A6310E1C0,Here Without You,3 Doors Down
12,Rabbit Heart (Raise It Up),SOOWVNN12A8C140775,Rabbit Heart EP,Florence + The Machine
13,Brave The Elements,SOQGSUC12A8C13B66D,Brave The Elements - EP,Colossal
14,If I Ain't Got You,SORALYQ12A8151BA99,R&B Love Collection 08,Alicia Keys
15,Reason I'm Alive (Explicit),SONWUZV12AB0180BAD,Full Circle,Drowning Pool
16,Half Of My Heart,SOXNZOW12AB017F756,Battle Studies,John Mayer
17,Unite (2009 Digital Remaster),SOXLOQG12AF72A2D55,Hello Nasty (Remastered Edition),Beastie Boys
18,The Funeral (Album Version),SOEQJBS12A8AE475A4,The Road Mix: Music From The Television Series One Tree Hill Vol. 3,Band Of Horses
19,If It Means A Lot To You,SORBBFV12AB017D710,Homesick [Special Edition],A Day To Remember
20,Sexy Bitch,SONHVVE12AB018D038,Club Traxxx Summer Slammin'_ Vol. 3,DJ Dizzy
21,Behind The Sea [Live In Chicago],SOMGIYR12AB0187973,Live In Chicago,Panic At The Disco
22,Paper Planes,SOUOEMP12A8C13866E,Decent Work For Decent Pay,M.I.A.
23,My Immortal (Album Version),SOIPYPB12A8C1360D4,Fallen,Evanescence
24,Cry Me A River,SOYAIPB12A8C143D84,Chérie Love Songs,Justin Timberlake
25,My Immortal,SOIPYPB12A8C1360D4,Fallen,Evanescence
26,You And Me Jesus,SOADQPP12A67020C82,Tribute To Jake Hess,Jake Hess
27,Reign Of The Tyrants,SOIMTII12A6D4F662A,Decade Of The Nail-spiked Bat,Jag Panzer
28,Crazy Bitch (Album Version),SORWLJM12A6D4F9C0C,15,Buckcherry
29,Sample Track 2,SOLRGNF12AB0187CF4,Dance & Hip Hop Breaks,Simon Harris
30,Party In The U.S.A.,SOVWADY12AB0189C63,Party In The U.S.A.,Miley Cyrus
31,I Wanna Be Sedated (Remastered Album Version ),SOMLYJD12A58A7B155,Loud_ Fast_ Ramones:  Their Toughest Hits,Ramones
32,Yeah!,SOIIOUS12A8AE47E20,Confessions,Usher Featuring Lil' Jon & Ludacris
33,You Know I'm No Good,SOLZEED12A6D4FA8C9,You Know I'm No Good - GFK Version,Amy Winehouse
34,Undo,SOAUWYT12A81C206F1,Vespertine Live,Björk
35,Cosmic Love,SOXWYZP12AF72A42A6,Lungs,Florence + The Machine
36,Masquerade (Reality Check Album Version),SOYABSZ12A81C1FEAC,Reality Check,Reality Check
37,Clara meets Slope - Hard To Say,SOJSXJY12A8C13E32E,All I Can Provide,Clara Hill
38,Hochmah (Interlude),SODWXJW12AAA8C5C29,Grace And Gratitude,Olivia Newton-John
39,You And Me (Wedding Version),SOAQMNM12AB0188D7A,Old Dogs Original Soundtrack,Lifehouse
40,Le Courage Des Oiseaux,SOBFRNE12A6D4F7995,La Fossette,Dominique A
41,I'll Be Missing You (Featuring Faith Evans & 112)(Album Version),SOIZAZL12A6701C53B,No Way Out,Puff Daddy
42,Stronger,SOBXHDL12A81C204C0,Graduation,Kanye West
43,The Big Gundown,SOVIZNF12AF72A710A,Invaders Must Die Remixes and Bonus Tracks,The Prodigy
44,Luvstruck,SOBRHVR12A8C133F35,Hard House Anthems,Southside Spinners
45,Take A Bow,SOQWYAQ12A6D4FB9A3,Ultimate R&B Love 2009,Rihanna
46,Kryptonite,SOLLNTU12A6701CFDC,Total 90s,3 Doors Down
47,Rain,SOUCHPA12AB0184B1A,Live In A Dive,Subhumans
48,Ain't No Rest For The Wicked (Original Version),SOJTLHS12A8C13F633,Cage The Elephant,Cage The Elephant
49,What Goes Around...Comes Around,SOMYXWV12A8C14232E,What Goes Around... Comes Around,Justin Timberlake
50,Eye Of The Tiger,SOLCKAS12A8C14242A,Happy New Year!,Survivor
51,Dog Days Are Over (Radio Edit),SOAXGDH12A8C13F8A1,Now That's What I Call Music! 75,Florence + The Machine
52,Harder Better Faster Stronger,SOAFTRR12AF72A8D4D,Discovery,Daft Punk
53,Speak,SOHALKJ12AB017FCC2,Good Times_ Bad Times - Ten Years of Godsmack,Godsmack
54,Sorrow (1997 Digital Remaster),SODCNEE12A6310E037,The Best Of David Bowie 1969-74,David Bowie
55,Such Great Heights,SOAKMDU12A8C1346A9,Grey's Anatomy Original Soundtrack,The Postal Service
56,The Only Exception (Album Version),SOKUPAO12AB018D576,The Only Exception,Paramore
57,Walking On The Moon,SOGZOIP12A6D4FB934,Walking On The Moon,The Police
58,Transparency,SOOGNOZ12AAF3B2936,Workout Holiday,White Denim
59,Lucky (Album Version),SOBOAFP12A8C131F36,We Sing.  We Dance.  We Steal Things.,Jason Mraz & Colbie Caillat
60,Time To Pretend,SOWOMMY127F8096DF9,Time To Pretend,MGMT
61,Halo,SOADJQJ12A8C141D38,Halo,Beyoncé
62,Drive,SOUKXIN12A8C133C7F,Make Yourself,Incubus
63,One Time,SODOWUC12AC9097E76,One Time,Justin Bieber
64,Corrido de Boxeo,SOAOSDF12A58A779F1,Chavez Ravine,Ry Cooder
65,Love Me,SOGWJEY12AC9618862,My Worlds,Justin Bieber
66,Hide & Seek,SOSJFDH12A8C143096,Tiësto - In Search Of Sunrise 6 - Ibiza,Imogen Heap
67,Come As You Are,SODEOCO12A6701E922,Nirvana,Nirvana
68,Never Let You Go,SOUGCDK12AC95F075F,My Worlds,Justin Bieber
69,The Want Ad,SOGLWGG12A6D4F8046,Original Sin,Pandora's Box
70,Représente,SOOFYTN12A6D4F9B35,Fat Come Back,Alliance Ethnik
71,Fader,SOAJXWO12A8C1436D0,Fader,The Temper Trap
72,Somebody To Love,SODGVGW12AC9075A8D,My Worlds,Justin Bieber
73,I'm Not Calling You A Liar,SOILFUU12AB017C75F,Lungs,Florence + The Machine
74,The Middle,SORWLTW12A670208FA,Bleed American,Jimmy Eat World
75,It's My Own Fault,SOHTCVN12A8C134E46,The Best Of Johnny Winter,Johnny Winter
76,Ain't Misbehavin,SOVDSJC12A58A7A271,Summertime,Sam Cooke
77,Savior,SOUJVIT12A8C1451C1,Appeal To Reason,Rise Against
78,Gives You Hell,SOGPNGN12A8C143969,When The World Comes Down,The All-American Rejects
79,Bulletproof,SOLRGVL12A8C143BC3,Bulletproof,La Roux
80,Just Dance,SOFKABN12A8AE476C6,Just Dance,Lady GaGa / Colby O'Donis
81,West One (Shine On Me),SOHFJAQ12AB017E4AF,The Crack/Grin And Bear It,The Ruts
82,16 Candles,SOWEHOM12A6BD4E09E,16 Candles,The Crests
83,U Smile,SOGCWUH12AC90732B0,My Worlds,Justin Bieber
84,The Way I Are,SODCLQR12A67AE110D,Shock Value,Timbaland / Keri Hilson / D.O.E.
85,Word Up!,SOXZOMB12AB017DA15,Dad's Dancing Anthems,Cameo
86,BedRock (Radio Edit) (feat.Lloyd),SOTWCDE12AB018909C,Now That's What I Call Music! 75,Young Money featuring Lloyd
87,Sayonara-Nostalgia,SOQCGHN12AB0181246,Yuugata Generation,Base Ball Bear
88,Without Me,SOWGXOP12A6701E93A,Without Me,Eminem
89,Hey There Delilah,SOFRCGW12A81C21EA6,Now That's What I Call Music! 68,Plain White T's
90,If I Had You,SOISNSU12AC468C0D8,For Your Entertainment (Deluxe Version),Adam Lambert
91,Help I'm Alive,SOEOJHS12AB017F3DC,Fantasies,Metric
92,Breakeven,SODLLYS12A8C13A96B,Now That's What I Call Music! 72,The Script
93,Bad Company,SOYGHUM12AB018139C,War Is The Answer,Five Finger Death Punch
94,Stuck In The Moment,SOTASGN12AC9075A8F,My Worlds,Justin Bieber
95,Sleepyhead,SOSLQQJ12AB017BDCC,Manners,Passion Pit
96,Hailie's Song,SOPCTBB12AF72A1B64,The Eminem Show,Eminem
97,In My Place,SOMRYYN12A6310F0F3,A Rush Of Blood To The Head,Coldplay
98,She Loves You,SOZNLBZ12A6D4F639E,EMI Comedy,Peter Sellers
99,Whataya Want From Me,SODCADR12AF72A1A99,Whataya Want From Me,Adam Lambert
100,Video Killed The Radio Star,SOVWBYM12A6D4F8A22,Friends Reunited: Music Of The Year 1979,The Buggles
101,Picture,SOHFGKG12A6701C429,The Very Best Of Sheryl Crow,Sheryl Crow
102,All Hands Against His Own,SONGYFE12AB018562D,Rubber Factory,The Black Keys
103,Canada,SOPUCYA12A8C13A694,The End Is Here,Five Iron Frenzy
104,A Beggar On A Beach Of Gold,SOZCDWG12A6D4F81E1,Beggar On A Beach Of Gold,Mike And The Mechanics
105,Supermassive Black Hole (Twilight Soundtrack Version),SOIZLKI12A6D4F7B61,Music From The Original Motion Picture Soundtrack,Muse
106,I'm On A Boat,SOPREHY12AB01815F9,Incredibad,The Lonely Island / T-Pain
107,Bubble Toes,SOSPXWA12AB0181875,Brushfire Fairytales,Jack Johnson
108,Non E_ Per Te_ Per Me,SOHYLXU12A8C139492,Alejandro Sanz 3,Alejandro Sanz
109,Orange Trägt Nur Die Müllabfuhr (Go West),SONHLJN12A81C2169B,10 Jahre Gute Unterhaltung!,Mickie Krause
110,Hero,SOYGHOJ12A6701FFBA,Greatest Hits,Enrique Iglesias
111,Jamaica Roots II(Agora E Sempre),SODCNJX12A6D4F93CB,Nova Bis-Natiruts,Natiruts
112,The Climb,SOUKMKR12A8C141925,Hannah Montana The Movie,Miley Cyrus
113,Crumpshit,SOIOZHO12AB017FE5E,Lonely Day,Philippe Rochard
114,Fortunate Son,SOLWRZI12A6D4FC4F0,More Creedence Gold,Creedence Clearwater Revival
115,Sala De Recepção,SOXPDDQ12A58A76829,O Mundo E Um Moinho,Cartola
116,Read My Mind,SOTEKMT12A67AD954E,Sam's Town,The Killers
117,Heads Will Roll,SOYMIMI12AB0181E5C,It's Blitz!,Yeah Yeah Yeahs
118,American Idiot [feat. Green Day & The Cast Of American Idiot] (Album Version),SODEAWL12AB0187032,The Original Broadway Cast Recording 'American Idiot' Featuring Green Day,Green Day
119,The Scientist,SOKLRPJ12A8C13C3FE,The Scientist,Coldplay
120,Creil City,SOCNAXF12A6D4F9B34,Fat Come Back,Alliance Ethnik
121,Apologize,SOETKSY12A8C13C666,2009 GRAMMY Nominees,OneRepublic
122,Bleed It Out [Live At Milton Keynes],SOCKSGZ12A58A7CA4B,Road To Revolution: Live At Milton Keynes,Linkin Park
123,Monster,SOEYVHS12AB0181D31,The Fame Monster,Lady GaGa
124,I Will Follow You into the Dark (Album Version),SOOYDAZ12A58A7AE08,Plans,Death Cab for Cutie
125,Spell,SOOXLIG12AB0185803,Abattoir Blues/The Lyre of Orpheus,Nick Cave & The Bad Seeds
126,Don't Stop The Music,SOKUAGP12A8C133B94,Don't Stop The Music/ Remixes,Rihanna
127,Nothing Better (Album),SOFCPOU12A8C13BF40,Give Up,Postal Service
128,Gears,SOUNJIO12AB0181339,Gears,Future Rock
129,Oxford Comma (Album),SOFEGST12A58A7D682,Vampire Weekend,Vampire Weekend
130,I Think I'll Live,SOPABZM12A6D4FC668,Less And Less And I Don't Love You Anymore,Charlie Louvin
131,Paradise City,SOQGVCS12AF72A078D,Greatest Hits,Guns N' Roses
132,The Gift,SOTCMDJ12A6D4F8528,We Don't Need To Whisper,Angels and Airwaves
133,All Tomorrow's Parties,SOCNLEI12A67021565,The Velvet Underground & Nico,The Velvet Underground / Nico
134,Sweet And Wild,SODEGIQ12A6D4FC6E3,The World We Live In,Radney Foster
135,Opposite Of Adults,SOUNNWW12AB018795D,Now That's What I Call Music! 75,Chiddy Bang
136,Here_ There And Everywhere,SOPBFHP12A8C131F30,Don't Take Your Time,Erin Bode
137,Rio,SOTUARP12A8C13CB54,London Weekend,Another Sunny Day
138,Something (Album Version),SOVPSKL12A670206B9,Unspoken,Jaci Velasquez
139,You'll Be In My Heart,SONVPTP12A6D4F7A34,Love Songs,Phil Collins
140,Naturally,SOBWSGV12AB018B5E0,Kiss & Tell,Selena Gomez & The Scene
141,Don't Start Me Talkin',SOCHTHF12AB017E206,Roots Of Blues,Sonny Boy Williamson
142,Use Somebody,SOWCKVR12A8C142411,Use Somebody,Kings Of Leon
143,Moar Ghosts 'n' Stuff,SOSVQNK12AC468D6BE,Ghosts 'n' Stuff,Deadmau5
144,Terre Promise,SOHRQFL12A6D4F3C8A,77 Souter'1 Vol.2,O'Rosko Raricim
145,All I Do Is Win (feat. T-Pain_ Ludacris_ Snoop Dogg & Rick Ross),SOYGKNI12AB0187E6E,Victory,DJ Khaled
146,Invalid,SOUFTBI12AB0183F65,Fermi Paradox,Tub Ring
147,Yellow,SOPXKYD12A6D4FA876,Yellow,Coldplay
148,Nothin' On You [feat. Bruno Mars] (Album Version),SOULTKQ12AB018A183,B.o.B Presents: The Adventures of Bobby Ray,B.o.B
149,You Get What You Give,SONZWDK12A6701F62B,Maybe You've Been Brainwashed Too,New Radicals
150,Crawling (Album Version),SOEKSGJ12A67AE227E,Hybrid Theory,Linkin Park
151,Up Up & Away,SOARUPP12AB01842E0,Man On The Moon: The End Of Day,Kid Cudi
152,I CAN'T GET STARTED,SOUNZHU12A8AE47481,It's The Time,Ron Carter
153,Bitter Sweet Symphony,SOXQYSC12A6310E908,Bitter Sweet Symphony,The Verve
154,Hips Don't Lie (featuring Wyclef Jean),SOEHWGF12A6D4F8B2B,Essential R&B Hit Selection,Shakira Featuring Wyclef Jean
155,Mr. Jones,SONQEYS12AF72AABC9,Films About Ghosts (The Best Of Counting Crows),Counting Crows
156,Supermassive Black Hole (Album Version),SOIZLKI12A6D4F7B61,Supermassive Black Hole,Muse
157,You're The One,SOBONKR12A58A7A7E0,If There Was A Way,Dwight Yoakam
158,Make Her Say,SOTNHIP12AB0183131,Make Her Say,Kid Cudi / Kanye West / Common
159,Unwell (Album Version),SOIOESO12A6D4F621D,More Than You Think You Are,matchbox twenty
160,Catch You Baby (Steve Pitron & Max Sanna Radio Edit),SOHTKMO12AB01843B0,Catch You Baby,Lonnie Gordon
161,Rianna,SONHWUN12AC468C014,The Update Collection Vol. 2,Fisher
162,It Was A Good Day,SOKYHYL12A8C13D79D,Hip Hop - The Collection 3,Ice Cube
163,Kiss With A Fist,SOHFNKO12AB017C772,Wild Child OST,Florence + The Machine
164,Where Is My Mind?,SOBBKGF12A8C1311EE,Wave Of Mutilation: Best Of Pixies,Pixies
165,Epilogue,SOUFWEW12AB0180EB7,Amnesia,Asia 2001
166,When You Were Young,SOZVCRW12A67ADA0B7,When You  Were Young,The Killers
167,Dans Ma Bulle (Edit Radio - Live 2006),SOHWXEU12A8C1320D1,Dans Ma Bulle,Diam's
168,Bring Me To Life,SONIQRE12AF72A2B02,Fallen,Evanescence
169,Float On,SONNSYV12A8C146BEC,Float On,Modest Mouse
170,Jambalaya,SOTCWRK12AB017E47D,Best of the Bayou Blues,Tab Benoit
171,Interactive Halloween Bear,SOKENKR12AB01828F7,TV Loves You Back,Restiform Bodies
172,Who Can Compare,SOMCAFM12A58A7B024,Let's Not Forget The Story,Foolish Things
173,What I've Done (Album Version),SOJKQSF12A6D4F5EE9,What I've Done,Linkin Park
174,Wild World,SOQGOPT12AAF3B2B27,Tea For The Tillerman,Cat Stevens
175,Shiver,SOSVPIE12A6D4FA873,Parachutes,Coldplay
176,What You Know,SONEWAX12AB018DD3F,Tourist History,Two Door Cinema Club
177,Rayando el sol,SONGIPI12A8AE46162,Eclipse,Maná
178,Yellow,SOPXKYD12A6D4FA876,Deejay 25,Coldplay
179,Far Away (Album Version),SOFVZRE12A8C139783,All The Right Reasons,Nickelback
180,Frank Sinatra,SOWUTFF12A8C138AB2,Fashion Nugget,Cake
181,Tive Sim,SOFLJQZ12A6D4FADA6,Nova Bis-Cartola,Cartola
182,The Pretender,SOQLUTQ12A8AE48037,Echoes_ Silence_ Patience & Grace,Foo Fighters
183,Use Somebody,SOWCKVR12A8C142411,Hitzone 49,Kings Of Leon
184,Sugar Ray (LP Version),SOLGPOU12A58A7EA20,Falling Off The Bone,Todd Barry
185,Bring Me To Life,SONIQRE12AF72A2B02,Fallen,Evanescence
186,Frisch und g'sund,SOLGLUC12AB018A8FA,Musik mit Herz und Schwung,Die Mooskirchner
187,New Divide (Album Version),SOPSYOY12A8C142E0B,Transformers: Revenge Of The Fallen The Album,Linkin Park
188,Don't Stop The Music,SOKUAGP12A8C133B94,Kids Party Pac,Rihanna
189,Better To Reign In Hell,SOQZYQH12A8AE468E5,Damnation And A Day,Cradle Of Filth
190,Alejandro,SOSCIZP12AB0181D2F,The Fame Monster,Lady GaGa
191,Resistance,SOXAQJS12AB018CBF7,The Resistance,Muse
192,Stronger,SOBXHDL12A81C204C0,Graduation,Kanye West
193,A-Punk (Album),SOGTDJQ12A8C13324F,Vampire Weekend,Vampire Weekend
194,Back Against The Wall,SOABJBU12A8C13F63F,Cage The Elephant,Cage The Elephant
195,Le Jardin d'Hiver,SOMCMKG12A8C1347BF,Smile,Jacky Terrasson
196,Now I'm High_ Really High,SOAVFLR12A8C138576,Underground Vol. I,Triple Six Mafia
197,Horn Concerto No. 4 in E flat K495: II. Romance (Andante cantabile),SOEGIYH12A6D4FC0E3,Mozart - Eine kleine Nachtmusik,Barry Tuckwell/Academy of St Martin-in-the-Fields/Sir Neville Marriner
198,Whatcha Say,SOWKQYL12AB0183B15,Whatcha Say,Jason Derulo
199,My Name Is,SOOLULU12A6701FBC4,The Slim Shady LP,Eminem
200,Day 'N' Nite,SODGJKH12AAA8C9487,R&B Yearbook,Kid Cudi Vs Crookers
201,Livin' On A Prayer,SOGPBAW12A6D4F9F22,Cross Road,Bon Jovi
202,Satisfaction,SOITFCH12A6D4F9478,Hypnotica,Benny Benassi Presents The Biz
203,Vanilla Twilight,SOGTQNI12AB0184A5C,Ocean Eyes,Owl City
204,Face Down (Album Version),SOOLYZQ12A6D4FA5B7,Don't You Fake It,The Red Jumpsuit Apparatus
205,I Gotta Feeling,SOXFPND12AB017C9D1,Todo Éxitos 2009,Black Eyed Peas
206,Robot Soul (Radio Edit),SOSYOHI12A8C144584,Robot Soul,Cosmo Vitelli
207,Pump It,SOMEUED12A6701DBEA,Pump It,Black Eyed Peas
208,The Real Slim Shady,SOKOXWU12AF72AD1BC,Curtain Call,Eminem
209,Everlong,SOXVVSM12A8C142224,The Colour And The Shape (Special Edition),Foo Fighters
210,Electric Feel,SOXPFLM12A8AE48C50,The Anthems,MGMT
211,Teach Me How To Dougie,SOSZJFV12AB01878CB,Teach Me How To Dougie,California Swag District
212,Drop The World,SOUVTSM12AC468F6A7,Drop The World,Lil Wayne / Eminem
213,Clocks,SOCVTLJ12A6310F0FD,A Rush Of Blood To The Head,Coldplay
214,Ghosts 'n' Stuff (Original Instrumental Mix),SOEPZQS12A8C1436C7,Ghosts 'n' Stuff,Deadmau5
215,(Nice Dream),SOQQQMM12A6310DFCC,The Bends (Collectors Edition),Radiohead
216,Breakfast At Tiffany's,SOAYATB12A6701FD50,Home,Deep Blue Something
217,'Till I Collapse,SOBPKPW12A6701E8F9,The Eminem Show,Eminem / Nate Dogg
218,Heaven Must Be Missing An Angel,SOMDVSL12A6D4F7230,Capitol Gold: The Best Of Tavares,Tavares
219,Chasing Cars,SONTQUO12A6D4F7D8B,Chasing Cars [live in Toronto],Snow Patrol
220,They Might Follow You,SOBUBLL12A58A795A8,Tiny Vipers,Tiny Vipers
221,Soulful Dress,SOKCXXE12A6D4F5A04,The Chess Story,Sugar Pie DeSanto
222,Strut (1993 Digital Remaster),SONQCXC12A6D4F6A37,The World Of Sheena Easton - The Singles,Sheena Easton
223,Don't Stop The Music,SOKUAGP12A8C133B94,Don't Stop The Music 5 Track EP,Rihanna
224,Sweet home Alabama,SOVQJRY12A81C210C0,To Die For,Lynyrd Skynyrd
225,In The End (Album Version),SOPVQLJ12A67AE2281,Hybrid Theory,Linkin Park
226,Make Love To Your Mind,SOUDLVN12AAFF43658,Playlist: The Very Best Of Bill Withers,Bill Withers
227,Master Of Puppets,SOSJRJP12A6D4F826F,Master Of Puppets,Metallica
228,Breakdown,SOJSTYO12A8C13F200,In Between Dreams,Jack Johnson
229,Somebody To Love,SODGVGW12AC9075A8D,My World 2.0,Justin Bieber
230,You Belong With Me,SOSROFB12AAF3B4C5D,Fearless,Taylor Swift
231,That Should Be Me,SOIDDNJ12AC9071B90,My Worlds,Justin Bieber
232,Lord I Guess I'll Never Know,SOIKQFR12A6310F2A6,Bitter Sweet Symphony,The Verve
233,Bubble Toes,SOSPXWA12AB0181875,Brushfire Fairytales,Jack Johnson
234,Seven Nation Army,SOAUFOF12AB0180C65,Seven Nation Army,The White Stripes
235,(iii),SOMBGAL12AB0181F7F,The Battle Of Electricity,The Gerbils
236,Imma Be,SOBADEB12AB018275F,THE E.N.D. (THE ENERGY NEVER DIES),Black Eyed Peas
237,OMG,SOUSMXX12AB0185C24,OMG - The Remixes,Usher featuring will.i.am
238,Karma Police,SOHJOLH12A6310DFE5,OK Computer (Collector's Edition),Radiohead
239,Love Story,SOTWSXL12A8C143349,Het Beste Uit De Top 40 - 2009,Taylor Swift
240,Hey_ Soul Sister,SODJWHY12A8C142CCE,Save Me_ San Francisco,Train
241,Under Pressure,SOZYSDT12A8C13BFD7,Queen On Fire - Live At The Bowl,Queen
242,Mercy:The Laundromat,SORJICW12A8C13640D,Westing (By Musket and Sextant),Pavement
243,VÁNDORMADÁR,SOWEFXC12A6D4FA230,Vilagok Hangjai,Crystal
244,The Invisible Man,SODASIJ12A6D4F5D89,The Invisible Man,Michael Cretu
245,Don't Cry (Original),SOAMIQK12A6701D94F,Greatest Hits,Guns N' Roses
246,Seven Nation Army (Album Version),SOAUFOF12AB0180C65,Elephant,The White Stripes
247,Our Song,SOUVGJL12AB017FC35,Taylor Swift,Taylor Swift
248,Recado Falado (Metrô Da Saudade),SONDKOF12A6D4F7D70,2 Em 1,Alceu Valença
249,Hips Don't Lie,SOEHWGF12A6D4F8B2B,Hitzone 38,Shakira ft. Wyclef Jean
250,Fireflies,SOLFXKT12AB017E3E0,Karaoke Monthly Vol. 2 (January 2010),Charttraxx Karaoke
251,One Less Lonely Girl,SOWCBKV12AC90732A6,My Worlds,Justin Bieber
252,It's My Life,SOWYYUQ12A6701D68D,Crush,Bon Jovi
253,Call It Off (Album Version),SOKOSPK12A8C13C088,The Con,Tegan And Sara
254,Sehr kosmisch,SOFRQTD12A81C233C0,Musik von Harmonia,Harmonia
255,Down To Earth,SOFKFXC12AC90732A5,My World,Justin Bieber
256,Ride The Lightning,SOITRTA12A6D4F8261,The Unnamed Feeling,Metallica
257,Pursuit Of Happiness (nightmare),SOPPROJ12AB0184E18,Pursuit Of Happiness,Kid Cudi / MGMT / Ratatat
258,Oceanside,SOAZZRU12AB0182B0E,Akron/Family & Angels Of Light,Angels Of Light & Akron/Family
259,Gunn Clapp,SOGRAGY12A6D4F7248,Da Storm,O.G.C.
260,Tighten Up,SOVDLZN12AB0185BEA,Tighten Up,The Black Keys
261,Numb (Album Version),SOTVLHC12A6701EA31,The Sickness,Disturbed
262,Sinisten tähtien alla,SOMGVYU12A8C1314FF,Tatsum Tisal,J. Karjalainen & Mustat Lasit
263,Black,SOIBLKQ12AB0183E85,Ten,Pearl Jam
264,Una Confusion,SOWGCMN12A8C136E44,All Access,LU
265,Shots,SOJYBJZ12AB01801D0,Party Rock,LMFAO / Lil Jon
266,Home,SOTVLQY12A58A798C2,Up From Below,Edward Sharpe & The Magnetic Zeros
267,Knocking On Forbidden Doors,SOAOAHZ12A8C13AAF1,McMxc A.D.,Enigma
268,Uprising,SOANQFY12AB0183239,Uprising,Muse
269,Take Me Out,SOXKOIY12A8C13C1EA,Take Me Out,Franz Ferdinand
270,Billionaire [feat. Bruno Mars]  (Explicit Album Version),SOPTLQL12AB018D56F,Billionaire [feat. Bruno Mars],Travie McCoy
271,Around The World (Radio Edit),SOIMCDE12A6D4F8383,Musique Vol 1,Daft Punk
272,Le Soir,SOPTPWD12A6D4FBD4E,Collection Disques Pathé,Line Renaud
273,Secrets,SONYKOW12AB01849C9,Waking Up,OneRepublic
274,The Memory Remains,SOFGIVB12A6D4F5923,Reload,Metallica / Marianne Faithfull
275,I Kissed A Girl,SONOYIB12A81C1F88C,One Of The Boys (iTunes Exclusive),Katy Perry
276,Revelry,SOSXLTC12AF72A7F54,Only By The Night,Kings Of Leon
277,Love Story,SOTWSXL12A8C143349,Fearless,Taylor Swift
278,Creep (Explicit),SOPQLBY12A6310E992,Pablo Honey,Radiohead
279,Superman,SOHEMBB12A6701E907,The Eminem Show,Eminem / Dina Rae
280,It's Time I Go (Jazz),SOMTZYU12AB017D632,Cameo,Joyce Cooling
281,Almaz,SOPSOHT12A67AE0235,Every Kind Of Mood,Randy Crawford
282,Times Like These,SOERYLG12A6701F07F,On And On,Jack Johnson
283,My Name Is,SOOLULU12A6701FBC4,Grammy Rap Nominees 2000,Eminem
284,Hotel California,SOEBOWM12AB017F279,Hotel California / Pretty Maids All In A Row [Digital 45],Eagles
285,Heartbreak Warfare,SOUFPNI12A8C142D19,Battle Studies,John Mayer
286,Luv Me_ Luv Me,SOJYISZ12A8C135F5A,The Boombastic Collection - Best of Shaggy,Shaggy / Samantha Cole
287,Everlong,SOXVVSM12A8C142224,Greatest Hits,Foo Fighters
288,Dream On,SOWRTJD12A8C132704,Aerosmith,Aerosmith
289,Human,SOPEOGA12AB017B694,Just Dance,The Killers
290,I Need A Dollar,SOEHDTU12AF72A8BD5,I Need A Dollar,Aloe Blacc
291,Skinny Love,SOTKYBW12A8C13C3EA,For Emma_ Forever Ago,Bon Iver
292,Greece 2000,SOZVVRE12A8C143150,Greece 2000,Three Drives
293,Nine Times Out Of Ten (1998 Digital Remaster),SOBMKJU12A6D4F7128,The Platinum Collection,Cliff Richard & The Shadows
294,Bigger Isn't Better,SOWSPUS12AC468BEE3,Born on the Wrong Planet,The String Cheese Incident
295,Have You Ever Seen The Rain,SOKKKZW12A6D4F7F88,Chronicle: 20 Greatest Hits,Creedence Clearwater Revival
296,Found Home,SOQBMFK12A8C13835B,End Of The Millenium,59 Times the Pain
297,Learn To Fly,SODACBL12A8C13C273,There Is Nothing Left To Lose,Foo Fighters
298,Marry Me,SOTWNDJ12A8C143984,Save Me_ San Francisco,Train
299,All The Right Moves,SOLWZVR12AB01849C6,Waking Up,OneRepublic
300,Forever,SOTEGWG12AB01897AC,Relapse: Refill,Drake / Kanye West / Lil Wayne / Eminem
301,Te Amo,SOHZPIK12A58A7CCAE,Rated R,Rihanna
302,Love Song,SOTMLOE12A8C133F15,Little Voice,Sara Bareilles
303,The Real Slim Shady,SOKOXWU12AF72AD1BC,The Marshall Mathers LP,Eminem
304,Welcome To The Black Parade (Album Version),SOQQAAQ12A67ADE34D,The Black Parade,My Chemical Romance
305,How You Remind Me,SOKMHKY12AF72AB079,FETENHITS - New Party Rock (set),Nickelback
306,Matricide,SOSLQGG12A6D4F5045,In Memory (re-issue),Nevermore
307,Do You Remember,SOKUTUM12A6701D9CD,In Between Dreams,Jack Johnson
308,Microdaze,SOWNIWL12AB017B720,Hospitality Presents This Is Drum + Bass - Mixed By High Contrast + London Elektricity,Jonny L
309,Mockingbird,SOHYSXA12AB0186704,R&B 2006,Eminem
310,Speed Of Sound,SOUKJBT12A6701C4D6,Speed Of Sound,Coldplay
311,Fuck Kitty,SOIZFTE12AB0186842,Frumpie One-Piece,Frumpies
312,Above The Clouds (Edited),SOOEGCA12A6D4F8B80,Mass Appeal: The Best of Gang Starr [Edited],Gang Starr/Inspectah Deck
313,Fix You,SOWEJXA12A6701C574,X & Y,Coldplay
314,Howlin For You,SOVRTPN12AB0184F9E,Brothers,The Black Keys
315,Victoria (LP Version),SOSJSSU12A6D4F8F41,Hit By A Train: The Best Of Old 97's,Old 97's
